<mxfile host="app.diagrams.net" agent="Mozilla/5.0 (Windows NT 10.0; Win64; x64) AppleWebKit/537.36 (KHTML, like Gecko) Chrome/133.0.0.0 Safari/537.36 OPR/118.0.0.0 (Edition std-2)" version="27.0.6">
  <diagram name="Page-1" id="2YBvvXClWsGukQMizWep">
    <mxGraphModel dx="1365" dy="760" grid="1" gridSize="10" guides="1" tooltips="1" connect="1" arrows="1" fold="1" page="1" pageScale="1" pageWidth="850" pageHeight="1100" math="0" shadow="0">
      <root>
        <mxCell id="0" />
        <mxCell id="1" parent="0" />
        <mxCell id="yhd3Haao-lP2jxlfMk0n-10" style="edgeStyle=elbowEdgeStyle;rounded=0;orthogonalLoop=1;jettySize=auto;html=1;elbow=vertical;curved=0;" edge="1" parent="1" target="yhd3Haao-lP2jxlfMk0n-32">
          <mxGeometry relative="1" as="geometry">
            <mxPoint x="611" y="530.0038095238095" as="sourcePoint" />
            <mxPoint x="985" y="530" as="targetPoint" />
          </mxGeometry>
        </mxCell>
        <mxCell id="yhd3Haao-lP2jxlfMk0n-14" value=":GrupoController" style="shape=umlLifeline;perimeter=lifelinePerimeter;whiteSpace=wrap;html=1;container=0;dropTarget=0;collapsible=0;recursiveResize=0;outlineConnect=0;portConstraint=eastwest;newEdgeStyle={&quot;edgeStyle&quot;:&quot;elbowEdgeStyle&quot;,&quot;elbow&quot;:&quot;vertical&quot;,&quot;curved&quot;:0,&quot;rounded&quot;:0};" vertex="1" parent="1">
          <mxGeometry x="800" y="410" width="110" height="300" as="geometry" />
        </mxCell>
        <mxCell id="yhd3Haao-lP2jxlfMk0n-33" value="&lt;span style=&quot;color: rgb(237, 237, 237); font-family: monospace; font-size: 0px; text-align: start;&quot;&gt;%3CmxGraphModel%3E%3Croot%3E%3CmxCell%20id%3D%220%22%2F%3E%3CmxCell%20id%3D%221%22%20parent%3D%220%22%2F%3E%3CmxCell%20id%3D%222%22%20value%3D%22%3AGrupo%22%20style%3D%22shape%3DumlLifeline%3Bperimeter%3DlifelinePerimeter%3BwhiteSpace%3Dwrap%3Bhtml%3D1%3Bcontainer%3D0%3BdropTarget%3D0%3Bcollapsible%3D0%3BrecursiveResize%3D0%3BoutlineConnect%3D0%3BportConstraint%3Deastwest%3BnewEdgeStyle%3D%7B%26quot%3BedgeStyle%26quot%3B%3A%26quot%3BelbowEdgeStyle%26quot%3B%2C%26quot%3Belbow%26quot%3B%3A%26quot%3Bvertical%26quot%3B%2C%26quot%3Bcurved%26quot%3B%3A0%2C%26quot%3Brounded%26quot%3B%3A0%7D%3B%22%20vertex%3D%221%22%20parent%3D%221%22%3E%3CmxGeometry%20x%3D%22990%22%20y%3D%22400%22%20width%3D%22130%22%20height%3D%22300%22%20as%3D%22geometry%22%2F%3E%3C%2FmxCell%3E%3CmxCell%20id%3D%223%22%20value%3D%22%22%20style%3D%22html%3D1%3Bpoints%3D%5B%5D%3Bperimeter%3DorthogonalPerimeter%3BoutlineConnect%3D0%3BtargetShapes%3DumlLifeline%3BportConstraint%3Deastwest%3BnewEdgeStyle%3D%7B%26quot%3BedgeStyle%26quot%3B%3A%26quot%3BelbowEdgeStyle%26quot%3B%2C%26quot%3Belbow%26quot%3B%3A%26quot%3Bvertical%26quot%3B%2C%26quot%3Bcurved%26quot%3B%3A0%2C%26quot%3Brounded%26quot%3B%3A0%7D%3B%22%20vertex%3D%221%22%20parent%3D%222%22%3E%3CmxGeometry%20x%3D%2260%22%20y%3D%2280%22%20width%3D%2210%22%20height%3D%22220%22%20as%3D%22geometry%22%2F%3E%3C%2FmxCell%3E%3C%2Froot%3E%3C%2FmxGraphModel%3E&lt;/span&gt;" style="html=1;points=[];perimeter=orthogonalPerimeter;outlineConnect=0;targetShapes=umlLifeline;portConstraint=eastwest;newEdgeStyle={&quot;edgeStyle&quot;:&quot;elbowEdgeStyle&quot;,&quot;elbow&quot;:&quot;vertical&quot;,&quot;curved&quot;:0,&quot;rounded&quot;:0};" vertex="1" parent="yhd3Haao-lP2jxlfMk0n-14">
          <mxGeometry x="50" y="180" width="10" height="60" as="geometry" />
        </mxCell>
        <mxCell id="yhd3Haao-lP2jxlfMk0n-18" value="Menu" style="shape=umlLifeline;perimeter=lifelinePerimeter;whiteSpace=wrap;html=1;container=0;dropTarget=0;collapsible=0;recursiveResize=0;outlineConnect=0;portConstraint=eastwest;newEdgeStyle={&quot;edgeStyle&quot;:&quot;elbowEdgeStyle&quot;,&quot;elbow&quot;:&quot;vertical&quot;,&quot;curved&quot;:0,&quot;rounded&quot;:0};" vertex="1" parent="1">
          <mxGeometry x="560" y="410" width="100" height="300" as="geometry" />
        </mxCell>
        <mxCell id="yhd3Haao-lP2jxlfMk0n-19" value="" style="html=1;points=[];perimeter=orthogonalPerimeter;outlineConnect=0;targetShapes=umlLifeline;portConstraint=eastwest;newEdgeStyle={&quot;edgeStyle&quot;:&quot;elbowEdgeStyle&quot;,&quot;elbow&quot;:&quot;vertical&quot;,&quot;curved&quot;:0,&quot;rounded&quot;:0};" vertex="1" parent="yhd3Haao-lP2jxlfMk0n-18">
          <mxGeometry x="45" y="70" width="10" height="110" as="geometry" />
        </mxCell>
        <mxCell id="yhd3Haao-lP2jxlfMk0n-32" value=":Grupo" style="shape=umlLifeline;perimeter=lifelinePerimeter;whiteSpace=wrap;html=1;container=0;dropTarget=0;collapsible=0;recursiveResize=0;outlineConnect=0;portConstraint=eastwest;newEdgeStyle={&quot;edgeStyle&quot;:&quot;elbowEdgeStyle&quot;,&quot;elbow&quot;:&quot;vertical&quot;,&quot;curved&quot;:0,&quot;rounded&quot;:0};" vertex="1" parent="1">
          <mxGeometry x="1040" y="410" width="130" height="300" as="geometry" />
        </mxCell>
        <mxCell id="yhd3Haao-lP2jxlfMk0n-36" value="Usuario" style="shape=umlActor;verticalLabelPosition=bottom;verticalAlign=top;html=1;" vertex="1" parent="1">
          <mxGeometry x="350" y="380" width="30" height="60" as="geometry" />
        </mxCell>
        <mxCell id="yhd3Haao-lP2jxlfMk0n-37" value="" style="endArrow=none;dashed=1;endFill=0;endSize=12;html=1;rounded=0;startFill=0;" edge="1" parent="1">
          <mxGeometry width="160" relative="1" as="geometry">
            <mxPoint x="370" y="470" as="sourcePoint" />
            <mxPoint x="370" y="710" as="targetPoint" />
            <Array as="points">
              <mxPoint x="370" y="580" />
            </Array>
          </mxGeometry>
        </mxCell>
        <mxCell id="yhd3Haao-lP2jxlfMk0n-43" value="2: new Grupo()" style="text;whiteSpace=wrap;html=1;" vertex="1" parent="1">
          <mxGeometry x="695" y="480" width="90" height="40" as="geometry" />
        </mxCell>
        <mxCell id="yhd3Haao-lP2jxlfMk0n-47" value="3: adicionarCombatente(combatente)" style="text;whiteSpace=wrap;html=1;" vertex="1" parent="1">
          <mxGeometry x="640" y="510" width="200" height="40" as="geometry" />
        </mxCell>
        <mxCell id="yhd3Haao-lP2jxlfMk0n-48" style="edgeStyle=elbowEdgeStyle;rounded=0;orthogonalLoop=1;jettySize=auto;html=1;elbow=vertical;curved=0;" edge="1" parent="1" source="yhd3Haao-lP2jxlfMk0n-19">
          <mxGeometry relative="1" as="geometry">
            <mxPoint x="620" y="560" as="sourcePoint" />
            <mxPoint x="850" y="560" as="targetPoint" />
          </mxGeometry>
        </mxCell>
        <mxCell id="yhd3Haao-lP2jxlfMk0n-50" value="4: salvarGrupo(grupo)" style="text;whiteSpace=wrap;html=1;" vertex="1" parent="1">
          <mxGeometry x="680" y="540" width="120" height="40" as="geometry" />
        </mxCell>
        <mxCell id="yhd3Haao-lP2jxlfMk0n-51" style="edgeStyle=elbowEdgeStyle;rounded=0;orthogonalLoop=1;jettySize=auto;html=1;elbow=vertical;curved=0;" edge="1" parent="1">
          <mxGeometry relative="1" as="geometry">
            <mxPoint x="860" y="600.19" as="sourcePoint" />
            <mxPoint x="1099" y="600.24" as="targetPoint" />
          </mxGeometry>
        </mxCell>
        <mxCell id="yhd3Haao-lP2jxlfMk0n-53" value="5: validarGrupo(grupo)" style="text;whiteSpace=wrap;html=1;" vertex="1" parent="1">
          <mxGeometry x="890" y="580" width="160" height="20" as="geometry" />
        </mxCell>
        <mxCell id="yhd3Haao-lP2jxlfMk0n-55" style="edgeStyle=elbowEdgeStyle;rounded=0;orthogonalLoop=1;jettySize=auto;html=1;elbow=vertical;curved=0;" edge="1" parent="1">
          <mxGeometry relative="1" as="geometry">
            <mxPoint x="611" y="499.9038095238095" as="sourcePoint" />
            <mxPoint x="1104" y="499.9" as="targetPoint" />
          </mxGeometry>
        </mxCell>
        <mxCell id="yhd3Haao-lP2jxlfMk0n-56" style="edgeStyle=elbowEdgeStyle;rounded=0;orthogonalLoop=1;jettySize=auto;html=1;elbow=vertical;curved=0;" edge="1" parent="1">
          <mxGeometry relative="1" as="geometry">
            <mxPoint x="860" y="629.7600000000001" as="sourcePoint" />
            <mxPoint x="1290" y="630" as="targetPoint" />
          </mxGeometry>
        </mxCell>
        <mxCell id="yhd3Haao-lP2jxlfMk0n-65" value="6: SalvarGrupo()" style="text;whiteSpace=wrap;html=1;" vertex="1" parent="1">
          <mxGeometry x="890" y="610" width="160" height="20" as="geometry" />
        </mxCell>
        <mxCell id="yhd3Haao-lP2jxlfMk0n-67" value="Banco de Dados" style="shape=cylinder3;whiteSpace=wrap;html=1;boundedLbl=1;backgroundOutline=1;size=15;" vertex="1" parent="1">
          <mxGeometry x="1260" y="390" width="60" height="80" as="geometry" />
        </mxCell>
        <mxCell id="yhd3Haao-lP2jxlfMk0n-68" value="" style="endArrow=none;dashed=1;html=1;rounded=0;" edge="1" parent="1" target="yhd3Haao-lP2jxlfMk0n-67">
          <mxGeometry width="50" height="50" relative="1" as="geometry">
            <mxPoint x="1289.76" y="710" as="sourcePoint" />
            <mxPoint x="1289.76" y="470" as="targetPoint" />
          </mxGeometry>
        </mxCell>
        <mxCell id="yhd3Haao-lP2jxlfMk0n-70" value="1: CriarGrupo()" style="text;whiteSpace=wrap;html=1;" vertex="1" parent="1">
          <mxGeometry x="449" y="470" width="191" height="40" as="geometry" />
        </mxCell>
        <mxCell id="yhd3Haao-lP2jxlfMk0n-71" style="edgeStyle=elbowEdgeStyle;rounded=0;orthogonalLoop=1;jettySize=auto;html=1;elbow=vertical;curved=0;" edge="1" parent="1">
          <mxGeometry relative="1" as="geometry">
            <mxPoint x="370" y="489.86" as="sourcePoint" />
            <mxPoint x="605" y="489.86" as="targetPoint" />
          </mxGeometry>
        </mxCell>
      </root>
    </mxGraphModel>
  </diagram>
</mxfile>
